{"assets/fonts/BebasNeue-Regular.otf":["assets/fonts/BebasNeue-Regular.otf"],"assets/fonts/Cinzel-VariableFont_wght.ttf":["assets/fonts/Cinzel-VariableFont_wght.ttf"],"assets/fonts/GoldencoastpersonaluseItalic-7BR0w.otf":["assets/fonts/GoldencoastpersonaluseItalic-7BR0w.otf"],"assets/fonts/PlayfairDisplay-Italic-VariableFont_wght.ttf":["assets/fonts/PlayfairDisplay-Italic-VariableFont_wght.ttf"],"assets/fonts/PlayfairDisplay-VariableFont_wght.ttf":["assets/fonts/PlayfairDisplay-VariableFont_wght.ttf"],"assets/fonts/Quantum_Lemon_Bold.ttf":["assets/fonts/Quantum_Lemon_Bold.ttf"],"assets/fonts/Quicksand-Medium.ttf":["assets/fonts/Quicksand-Medium.ttf"],"assets/icons/Vegas_membership_I-1.png":["assets/icons/Vegas_membership_I-1.png"],"assets/icons/Vegas_membership_I-2.png":["assets/icons/Vegas_membership_I-2.png"],"assets/icons/Vegas_membership_One+-1.png":["assets/icons/Vegas_membership_One+-1.png"],"assets/icons/Vegas_membership_One+-2.png":["assets/icons/Vegas_membership_One+-2.png"],"assets/icons/Vegas_membership_One-1.png":["assets/icons/Vegas_membership_One-1.png"],"assets/icons/Vegas_membership_One-2.png":["assets/icons/Vegas_membership_One-2.png"],"assets/icons/Vegas_membership_P-1.png":["assets/icons/Vegas_membership_P-1.png"],"assets/icons/Vegas_membership_P-2.png":["assets/icons/Vegas_membership_P-2.png"],"assets/icons/Vegas_membership_V-1.png":["assets/icons/Vegas_membership_V-1.png"],"assets/icons/Vegas_membership_V-2.png":["assets/icons/Vegas_membership_V-2.png"],"assets/icons/diamond.png":["assets/icons/diamond.png"],"assets/icons/error.png":["assets/icons/error.png"],"assets/icons/happiness.png":["assets/icons/happiness.png"],"assets/icons/happiness_1.png":["assets/icons/happiness_1.png"],"assets/icons/happy.png":["assets/icons/happy.png"],"assets/icons/logo_app_yellow.png":["assets/icons/logo_app_yellow.png"],"assets/icons/logo_beige.jpg":["assets/icons/logo_beige.jpg"],"assets/icons/point.png":["assets/icons/point.png"],"assets/icons/sad.png":["assets/icons/sad.png"],"assets/icons/success.png":["assets/icons/success.png"],"assets/icons/token.png":["assets/icons/token.png"],"assets/icons/user.png":["assets/icons/user.png"],"assets/icons/user2.png":["assets/icons/user2.png"],"assets/icons/voucher.png":["assets/icons/voucher.png"],"assets/images/background_point_portal_edit1_cut.png":["assets/images/background_point_portal_edit1_cut.png"]}